model,fset,params,train_cv,valid,test_b2,test_b3,rep_mean,rep_sd
OLS,M1,{},9.311341027180148,7.798543409975666,28.559469785603802,12.814062996621189,10.389638611042196,2.3597707537144177
OLS,M2,{},8.635733429838298,6.002895741792326,39.350635566251455,12.972168409761498,7.054687070744916,1.3013162423035827
OLS,M3,{},7.955650385811358,6.695072156564365,41.40805022729613,11.976105959473129,7.299657863947013,1.713536428860804
ElasticNet,M1,"{""alpha"": 0.0001, ""l1_ratio"": 0.1}",9.311721591170437,7.79987375070427,28.56403038369256,12.812231834842647,10.389151683668375,2.3591597266920465
ElasticNet,M2,"{""alpha"": 0.008111308307896872, ""l1_ratio"": 1.0}",7.9033034240347275,8.774117390111444,44.115216891076905,13.452630973185592,8.31638791143084,1.2767710019520508
ElasticNet,M3,"{""alpha"": 0.008111308307896872, ""l1_ratio"": 1.0}",7.9230812997778886,8.774117390111444,44.115216891076905,13.452630973185592,8.31638791143084,1.2767710019520508
PLS,M1,"{""n_components"": 1}",9.311341027180152,7.798543409975666,28.559469785603813,12.814062996621198,10.3896386110422,2.359770753714421
PLS,M2,"{""n_components"": 2}",7.289816712007214,10.521971373636474,56.11432111414963,21.008314068699924,8.204388733737401,1.7885300405137161
PLS,M3,"{""n_components"": 2}",7.620556603934174,9.634889739181428,54.129260080426334,17.70167646856037,8.129648235540147,1.4082947382109539
SVR,M1,"{""C"": 1, ""gamma"": 0.01, ""epsilon"": 0.03}",9.621988501817523,8.729442265231576,30.55108663610215,11.926555881290657,10.395241027550869,2.0826459572307954
SVR,M2,"{""C"": 10, ""gamma"": 0.01, ""epsilon"": 0.01}",8.190641085444046,4.71412566206586,31.45384451263921,12.452533926481776,6.903402305178088,1.535386494162973
SVR,M3,"{""C"": 1, ""gamma"": 0.01, ""epsilon"": 0.03}",8.272856461698874,7.115312535996734,44.99768772939194,19.134271642626263,7.619092798745378,1.6297298022515667
GPR,M1,{},16.44848257409033,21.3893356399794,59.07780616296443,24.33397034127949,15.04362707108341,3.7275209721833953
GPR,M2,{},10.891973765104193,6.716350658368356,40.79212163168566,15.037248956711432,7.607904345153443,1.621872353177744
GPR,M3,{},10.339517543634745,6.29941580362178,41.02570920053354,17.23751031209849,8.009409842360867,1.8253305023093602
RF,M1,"{""max_depth"": 2, ""min_samples_leaf"": 1}",10.287412401308481,7.101716528084554,29.195451897159735,15.63646698274834,10.08540346718981,2.4779000434481584
RF,M2,"{""max_depth"": 3, ""min_samples_leaf"": 1}",10.356519798624761,6.552346062665894,34.230478865915444,18.255443183959816,8.834710613526587,2.908890597046792
RF,M3,"{""max_depth"": 3, ""min_samples_leaf"": 1}",10.221124956776592,6.334070035237084,33.84667276477625,18.457201920831036,9.471243671111285,2.685417921919304
GBM,M1,"{""n_estimators"": 100, ""learning_rate"": 0.03, ""max_depth"": 2}",11.400966848409578,7.207290205546811,30.59617810435485,15.031019736464172,9.731810196687489,2.446000321836426
GBM,M2,"{""n_estimators"": 100, ""learning_rate"": 0.03, ""max_depth"": 3}",10.686170200560367,5.649809022469878,35.09811254604063,21.3274505439691,8.767052445483708,2.914461754337949
GBM,M3,"{""n_estimators"": 100, ""learning_rate"": 0.03, ""max_depth"": 2}",11.011774991755498,6.58971091191376,38.30177422029484,18.011523740006663,8.707939355527078,2.654722615270752
